<?xml version="1.0" encoding="UTF-8"?>
<project-private xmlns="http://www.netbeans.org/ns/project-private/1">
    <editor-bookmarks xmlns="http://www.netbeans.org/ns/editor-bookmarks/2" lastBookmarkId="0"/>
    <open-files xmlns="http://www.netbeans.org/ns/projectui-open-files/2">
        <group>
            <file>file:/C:/Users/Usuario/Documents/1ºDAW/PROG/Proxecto%20do%20aforcado/src/model/HiddenWord.java</file>
            <file>file:/C:/Users/Usuario/Documents/1ºDAW/PROG/Proxecto%20do%20aforcado/src/ui/Graphics/ModeSelectionWindow.java</file>
            <file>file:/C:/Users/Usuario/Documents/1ºDAW/PROG/Proxecto%20do%20aforcado/src/ui/MenuGenerator.java</file>
            <file>file:/C:/Users/Usuario/Documents/1ºDAW/PROG/Proxecto%20do%20aforcado/src/model/HangMan.java</file>
            <file>file:/C:/Users/Usuario/Documents/1ºDAW/PROG/Proxecto%20do%20aforcado/src/ui/WordGenerator.java</file>
            <file>file:/C:/Users/Usuario/Documents/1ºDAW/PROG/Proxecto%20do%20aforcado/src/ui/KeyboardWordGenerator.java</file>
            <file>file:/C:/Users/Usuario/Documents/1ºDAW/PROG/Proxecto%20do%20aforcado/src/ui/ArrayWordGenerator.java</file>
            <file>file:/C:/Users/Usuario/Documents/1ºDAW/PROG/Proxecto%20do%20aforcado/src/ui/Graphics/GameOverWindow.java</file>
            <file>file:/C:/Users/Usuario/Documents/1ºDAW/PROG/Proxecto%20do%20aforcado/src/ui/GenerateWordException.java</file>
            <file>file:/C:/Users/Usuario/Documents/1ºDAW/PROG/Proxecto%20do%20aforcado/src/ui/Graphics/MainWindow.java</file>
            <file>file:/C:/Users/Usuario/Documents/1ºDAW/PROG/Proxecto%20do%20aforcado/src/ui/Graphics/GUIKeyboardGenerator.java</file>
        </group>
    </open-files>
</project-private>
