<?xml version="1.0" encoding="UTF-8"?>
<project-private xmlns="http://www.netbeans.org/ns/project-private/1">
    <editor-bookmarks xmlns="http://www.netbeans.org/ns/editor-bookmarks/2" lastBookmarkId="0"/>
    <open-files xmlns="http://www.netbeans.org/ns/projectui-open-files/2">
        <group>
            <file>file:/home/ivan.fernandezguinde/a_IVAN/a_Programacion/Programacion/proxectos/TETRIS.2/Teistris/src/teistris/Game.java</file>
            <file>file:/home/ivan.fernandezguinde/a_IVAN/a_Programacion/Programacion/proxectos/TETRIS.2/Teistris/src/teistris/Piece.java</file>
            <file>file:/home/ivan.fernandezguinde/a_IVAN/a_Programacion/Programacion/proxectos/TETRIS.2/Teistris/src/teistris/Square.java</file>
        </group>
    </open-files>
</project-private>
