<?xml version="1.0" encoding="UTF-8"?>
<project-private xmlns="http://www.netbeans.org/ns/project-private/1">
    <editor-bookmarks xmlns="http://www.netbeans.org/ns/editor-bookmarks/2" lastBookmarkId="0"/>
    <open-files xmlns="http://www.netbeans.org/ns/projectui-open-files/2">
        <group>
            <file>file:/home/ivan.fernandezguinde/a_IVAN/a_Programacion/Programacion/proxectos/Padel/src/Model/Player.java</file>
            <file>file:/home/ivan.fernandezguinde/a_IVAN/a_Programacion/Programacion/proxectos/Padel/src/Model/PadelCourt.java</file>
            <file>file:/home/ivan.fernandezguinde/a_IVAN/a_Programacion/Programacion/proxectos/Padel/src/Model/Booking.java</file>
            <file>file:/home/ivan.fernandezguinde/a_IVAN/a_Programacion/Programacion/proxectos/Padel/src/Model/SingleBooking.java</file>
            <file>file:/home/ivan.fernandezguinde/a_IVAN/a_Programacion/Programacion/proxectos/Padel/src/Model/DoubleBooking.java</file>
            <file>file:/home/ivan.fernandezguinde/a_IVAN/a_Programacion/Programacion/proxectos/Padel/src/Model/AddPlayer.java</file>
            <file>file:/home/ivan.fernandezguinde/a_IVAN/a_Programacion/Programacion/proxectos/Padel/src/db/PadelManagerDB.java</file>
            <file>file:/home/ivan.fernandezguinde/a_IVAN/a_Programacion/Programacion/proxectos/Padel/src/db/PlayerDB.java</file>
            <file>file:/home/ivan.fernandezguinde/a_IVAN/a_Programacion/Programacion/proxectos/Padel/src/db/PadleCourtDB.java</file>
            <file>file:/home/ivan.fernandezguinde/a_IVAN/a_Programacion/Programacion/proxectos/Padel/src/db/BookingDB.java</file>
            <file>file:/home/ivan.fernandezguinde/a_IVAN/a_Programacion/Programacion/proxectos/Padel/src/Controller/InitMenuController.java</file>
            <file>file:/home/ivan.fernandezguinde/a_IVAN/a_Programacion/Programacion/proxectos/Padel/src/View/InitMenuView.java</file>
            <file>file:/home/ivan.fernandezguinde/a_IVAN/a_Programacion/Programacion/proxectos/Padel/src/Controller/SessionController.java</file>
            <file>file:/home/ivan.fernandezguinde/a_IVAN/a_Programacion/Programacion/proxectos/Padel/src/View/SessionView.java</file>
        </group>
    </open-files>
</project-private>
