<?xml version="1.0" encoding="UTF-8"?>
<project-private xmlns="http://www.netbeans.org/ns/project-private/1">
    <editor-bookmarks xmlns="http://www.netbeans.org/ns/editor-bookmarks/2" lastBookmarkId="0"/>
    <open-files xmlns="http://www.netbeans.org/ns/projectui-open-files/2">
        <group>
            <file>file:/home/ivan.fernandezguinde/a_IVAN/a_Programacion/Programacion/proxectos/TETRIS.4/Teistris/src/view/MainWindow.java</file>
            <file>file:/home/ivan.fernandezguinde/a_IVAN/a_Programacion/Programacion/proxectos/TETRIS.4/Teistris/src/model/Game.java</file>
            <file>file:/home/ivan.fernandezguinde/a_IVAN/a_Programacion/Programacion/proxectos/TETRIS.4/Teistris/src/model/Piece.java</file>
            <file>file:/home/ivan.fernandezguinde/a_IVAN/a_Programacion/Programacion/proxectos/TETRIS.4/Teistris/src/model/Square.java</file>
            <file>file:/home/ivan.fernandezguinde/a_IVAN/a_Programacion/Programacion/proxectos/TETRIS.4/Teistris/src/model/SquarePiece.java</file>
            <file>file:/home/ivan.fernandezguinde/a_IVAN/a_Programacion/Programacion/proxectos/TETRIS.4/Teistris/src/model/BarPiece.java</file>
        </group>
    </open-files>
</project-private>
