<?xml version="1.0" encoding="UTF-8"?>
<project-private xmlns="http://www.netbeans.org/ns/project-private/1">
    <editor-bookmarks xmlns="http://www.netbeans.org/ns/editor-bookmarks/2" lastBookmarkId="0"/>
    <open-files xmlns="http://www.netbeans.org/ns/projectui-open-files/2">
        <group>
            <file>file:/H:/a_Programación/3ª%20evaluacion/incidencias/src/model/Incidence.java</file>
            <file>file:/H:/a_Programación/3ª%20evaluacion/incidencias/src/incidencias/IncidenceManager.java</file>
            <file>file:/H:/a_Programación/3ª%20evaluacion/incidencias/src/persistence/UserDB.java</file>
            <file>file:/H:/a_Programación/3ª%20evaluacion/incidencias/src/model/User.java</file>
            <file>file:/H:/a_Programación/3ª%20evaluacion/incidencias/src/persistence/IncidenceDB.java</file>
        </group>
    </open-files>
</project-private>
