<?xml version="1.0" encoding="UTF-8"?>
<project-private xmlns="http://www.netbeans.org/ns/project-private/1">
    <editor-bookmarks xmlns="http://www.netbeans.org/ns/editor-bookmarks/2" lastBookmarkId="0"/>
    <open-files xmlns="http://www.netbeans.org/ns/projectui-open-files/2">
        <group>
            <file>file:/home/omar.gilgonzalez/Omi/Prog/Prog-Git/Proxecto%20do%20aforcado/src/Aforcado/HangMan.java</file>
            <file>file:/home/omar.gilgonzalez/Omi/Prog/Prog-Git/Proxecto%20do%20aforcado/src/Aforcado/WordGenerator.java</file>
            <file>file:/home/omar.gilgonzalez/Omi/Prog/Prog-Git/Proxecto%20do%20aforcado/src/Aforcado/HiddenWord.java</file>
            <file>file:/home/omar.gilgonzalez/Omi/Prog/Prog-Git/Proxecto%20do%20aforcado/src/Aforcado/MenuGenerator.java</file>
        </group>
    </open-files>
</project-private>
